"X";"Flying";"Storm";"Darkness";"Heights";"Spiders";"Snakes";"Rats";"Ageing";"Dangerous.dogs";"Fear.of.public.speaking";"Age";"Height";"Weight";"Number.of.siblings";"Gender";"Left...right.handed";"Education";"Only.child";"Village...town";"House...block.of.flats"
1;1;1;1;1;1;5;3;1;3;2;20;163;48;1;"female";"right handed";"college/bachelor degree";"no";"village";"block of flats"
2;1;1;1;2;1;1;1;3;1;4;19;163;58;2;"female";"right handed";"college/bachelor degree";"no";"city";"block of flats"
3;1;1;1;1;1;1;1;1;1;2;20;176;67;2;"female";"right handed";"secondary school";"no";"city";"block of flats"
5;1;2;1;1;1;1;2;2;4;3;20;170;59;1;"female";"right handed";"secondary school";"no";"village";"house/bungalow"
6;3;2;2;2;1;2;2;1;1;3;20;186;77;1;"male";"right handed";"secondary school";"no";"city";"block of flats"
7;1;3;2;1;1;5;1;4;1;1;20;177;50;1;"female";"right handed";"secondary school";"no";"village";"house/bungalow"
8;3;2;4;3;1;5;3;1;2;4;19;184;90;1;"male";"right handed";"college/bachelor degree";"no";"city";"house/bungalow"
10;4;5;4;5;3;4;4;3;5;3;19;174;60;3;"female";"right handed";"secondary school";"no";"city";"block of flats"
11;1;1;2;2;2;1;1;1;4;2;19;175;60;2;"female";"left handed";"secondary school";"no";"city";"block of flats"
12;4;1;1;3;5;5;5;5;5;5;17;176;60;1;"female";"right handed";"primary school";"no";"city";"block of flats"
13;1;1;1;1;1;3;1;5;2;2;24;168;55;10;"female";"right handed";"college/bachelor degree";"no";"city";"block of flats"
14;2;3;3;4;3;4;3;2;1;3;19;165;55;1;"female";"right handed";"secondary school";"no";"city";"block of flats"
15;5;5;3;3;2;5;1;5;5;3;22;175;57;1;"female";"right handed";"college/bachelor degree";"no";"city";"block of flats"
17;1;3;5;4;5;3;1;2;5;4;19;175;65;2;"female";"right handed";"college/bachelor degree";"no";"city";"block of flats"
19;1;1;1;1;1;1;1;1;1;2;18;181;78;2;"male";"right handed";"secondary school";"no";"city";"house/bungalow"
20;3;2;2;4;4;2;2;2;2;3;18;188;90;1;"male";"left handed";"secondary school";"no";"city";"house/bungalow"
21;2;2;2;2;2;2;2;1;1;2;20;186;77;1;"male";"right handed";"secondary school";"no";"city";"block of flats"
22;1;1;1;1;1;1;1;1;1;1;24;186;85;1;"male";"left handed";"secondary school";"no";"city";"block of flats"
24;2;4;5;3;3;3;2;3;3;3;20;168;54;3;"female";"right handed";"secondary school";"no";"city";"block of flats"
25;1;1;2;1;5;5;4;5;5;5;19;167;51;1;"female";"right handed";"secondary school";"no";"city";"block of flats"
26;3;2;2;3;5;2;1;4;4;2;20;170;56;1;"female";"right handed";"secondary school";"yes";"city";"block of flats"
27;1;1;1;1;1;2;1;2;2;3;22;165;63;1;"female";"left handed";"college/bachelor degree";"no";"city";"house/bungalow"
29;1;1;2;4;4;4;3;4;1;2;20;187;80;2;"male";"left handed";"secondary school";"yes";"village";"house/bungalow"
30;3;3;4;5;5;5;5;5;5;3;19;168;60;2;"female";"right handed";"secondary school";"no";"village";"block of flats"
31;1;1;1;3;5;3;3;4;3;4;25;183;87;1;"male";"right handed";"secondary school";"no";"city";"block of flats"
32;1;1;1;1;2;5;3;1;3;2;22;177;80;1;"female";"right handed";"secondary school";"no";"city";"block of flats"
33;3;5;5;5;5;5;5;1;5;2;20;158;46;4;"female";"left handed";"secondary school";"no";"city";"block of flats"
34;1;5;2;4;4;5;3;1;2;4;27;170;70;1;"female";"right handed";"masters degree";"no";"city";"block of flats"
35;1;2;2;1;2;2;2;1;2;3;20;177;67;5;"male";"right handed";"college/bachelor degree";"no";"city";"block of flats"
36;3;5;3;3;4;5;4;5;5;1;19;170;72;1;"female";"right handed";"secondary school";"no";"village";"house/bungalow"
37;3;1;4;3;5;4;1;3;2;5;18;173;65;1;"female";"right handed";"secondary school";"no";"city";"block of flats"
39;3;4;2;4;5;1;1;1;3;2;23;168;60;1;"female";"right handed";"secondary school";"no";"village";"house/bungalow"
40;3;3;2;2;5;5;5;3;4;4;21;155;46;1;"female";"right handed";"secondary school";"no";"city";"house/bungalow"
41;1;3;5;3;5;2;5;3;5;3;26;172;62;1;"female";"right handed";"secondary school";"no";"city";"block of flats"
42;2;1;1;1;1;1;1;1;1;2;20;188;80;3;"male";"right handed";"college/bachelor degree";"no";"city";"block of flats"
43;1;1;3;1;5;1;1;1;3;5;19;170;90;0;"female";"right handed";"secondary school";"yes";"city";"block of flats"
44;1;3;4;5;5;5;3;2;4;1;20;163;55;1;"female";"right handed";"college/bachelor degree";"no";"city";"block of flats"
45;3;2;4;5;5;5;3;3;5;3;25;170;67;1;"female";"right handed";"masters degree";"no";"village";"block of flats"
49;3;1;2;2;2;3;3;5;3;1;20;171;70;1;"female";"right handed";"secondary school";"yes";"village";"house/bungalow"
50;3;1;5;4;5;3;2;3;2;5;20;157;41;1;"female";"right handed";"primary school";"no";"city";"block of flats"
51;1;2;1;2;2;2;4;2;5;4;19;175;60;2;"female";"right handed";"college/bachelor degree";"no";"city";"block of flats"
53;3;3;5;4;5;5;4;3;1;3;21;160;58;2;"female";"right handed";"secondary school";"no";"village";"block of flats"
54;3;1;1;1;5;1;3;1;3;5;18;164;51;4;"female";"right handed";"secondary school";"no";"city";"block of flats"
55;3;2;5;5;3;5;4;1;5;2;21;160;57;2;"female";"right handed";"college/bachelor degree";"no";"city";"block of flats"
56;2;2;5;3;5;5;5;3;5;4;23;165;45;1;"female";"right handed";"college/bachelor degree";"no";"village";"house/bungalow"
58;2;2;2;2;5;3;3;4;4;5;21;157;45;1;"female";"right handed";"secondary school";"no";"city";"block of flats"
60;5;1;1;4;2;3;1;1;2;5;22;178;74;1;"male";"right handed";"college/bachelor degree";"no";"city";"block of flats"
61;1;1;1;2;2;3;2;2;3;5;23;175;72;1;"male";"right handed";"college/bachelor degree";"no";"city";"block of flats"
62;1;1;1;3;3;4;4;4;4;2;23;165;56;1;"male";"left handed";"secondary school";"no";"city";"block of flats"
63;5;5;5;5;5;5;5;5;5;4;23;189;81;2;"male";"right handed";"secondary school";"no";"city";"block of flats"
65;1;2;5;3;5;1;3;5;4;3;18;180;52;0;"female";"right handed";"primary school";"yes";"city";"block of flats"
66;1;1;2;2;1;2;1;4;2;4;17;185;84;1;"male";"left handed";"primary school";"yes";"city";"block of flats"
67;3;2;3;5;1;3;2;1;1;3;20;183;83;1;"male";"right handed";"secondary school";"no";"village";"house/bungalow"
68;1;1;2;4;1;3;2;2;5;2;24;160;58;0;"female";"right handed";"college/bachelor degree";"yes";"village";"house/bungalow"
69;3;5;2;2;4;5;3;1;3;5;18;162;50;1;"female";"right handed";"college/bachelor degree";"no";"village";"house/bungalow"
71;2;2;2;2;4;3;3;3;4;3;17;185;82;1;"male";"right handed";"secondary school";"yes";"city";"house/bungalow"
72;1;1;1;4;3;4;3;5;5;1;20;175;83;1;"male";"left handed";"secondary school";"yes";"city";"block of flats"
74;5;2;1;3;3;3;3;5;3;5;21;177;80;1;"male";"right handed";"secondary school";"yes";"city";"house/bungalow"
75;5;5;1;4;3;4;3;3;5;2;22;190;80;1;"male";"right handed";"masters degree";"no";"city";"block of flats"
76;2;1;2;5;1;2;1;1;2;1;20;192;77;1;"male";"right handed";"secondary school";"no";"village";"house/bungalow"
78;1;1;1;3;5;5;2;2;5;3;21;175;60;1;"female";"right handed";"secondary school";"no";"city";"block of flats"
80;2;3;2;4;5;5;5;2;3;4;21;173;63;2;"female";"right handed";"secondary school";"no";"city";"house/bungalow"
81;2;1;4;2;3;4;3;1;3;4;19;163;48;1;"female";"right handed";"secondary school";"no";"city";"block of flats"
82;1;1;2;2;1;1;1;1;4;1;22;177;80;1;"male";"right handed";"secondary school";"no";"city";"block of flats"
83;2;1;5;2;3;4;1;1;3;5;18;163;47;1;"female";"right handed";"secondary school";"no";"city";"block of flats"
86;2;3;4;5;2;4;4;1;4;3;22;159;53;2;"male";"right handed";"college/bachelor degree";"no";"city";"block of flats"
87;4;4;4;4;2;2;3;3;1;5;24;179;65;3;"male";"right handed";"masters degree";"no";"city";"block of flats"
89;5;2;2;4;5;1;2;1;5;5;21;164;75;0;"female";"right handed";"secondary school";"yes";"city";"block of flats"
90;3;3;2;3;2;3;5;4;5;3;22;156;50;2;"female";"right handed";"masters degree";"no";"village";"house/bungalow"
91;2;3;1;3;5;3;1;5;4;3;19;154;58;3;"female";"right handed";"secondary school";"no";"village";"house/bungalow"
93;2;1;2;1;1;2;1;1;2;2;19;170;63;0;"female";"right handed";"college/bachelor degree";"yes";"city";"block of flats"
96;1;2;2;1;4;4;4;4;5;2;21;180;75;1;"male";"right handed";"college/bachelor degree";"no";"city";"house/bungalow"
97;1;1;1;2;4;1;1;1;5;5;19;182;81;1;"male";"right handed";"college/bachelor degree";"no";"city";"block of flats"
98;1;1;2;3;2;4;1;1;1;2;19;200;75;1;"male";"right handed";"primary school";"no";"village";"block of flats"
99;1;1;1;3;5;1;1;3;3;1;22;187;70;1;"male";"right handed";"secondary school";"no";"village";"house/bungalow"
100;2;2;3;3;5;2;1;2;2;4;18;162;50;1;"female";"left handed";"secondary school";"no";"city";"house/bungalow"
101;3;4;3;5;4;3;3;1;5;3;21;172;71;1;"female";"right handed";"secondary school";"no";"city";"block of flats"
102;2;1;1;2;5;5;3;1;3;3;18;194;90;1;"male";"right handed";"secondary school";"no";"village";"house/bungalow"
105;1;1;1;3;1;1;1;1;1;1;21;180;70;1;"male";"right handed";"secondary school";"no";"village";"block of flats"
106;1;2;1;2;1;4;2;1;2;2;24;178;74;1;"male";"right handed";"college/bachelor degree";"no";"village";"house/bungalow"
107;2;1;1;1;2;2;2;3;2;3;19;182;80;1;"male";"right handed";"secondary school";"no";"city";"block of flats"
109;1;1;2;4;5;3;2;5;4;2;17;168;61;1;"female";"right handed";"primary school";"no";"city";"block of flats"
110;3;1;3;2;1;4;4;1;3;4;18;176;65;0;"male";"right handed";"secondary school";"yes";"city";"block of flats"
111;1;1;2;4;4;4;1;2;1;2;21;185;70;1;"male";"right handed";"college/bachelor degree";"no";"city";"house/bungalow"
112;2;2;2;3;5;4;5;1;5;5;22;166;56;1;"female";"right handed";"college/bachelor degree";"no";"village";"house/bungalow"
113;2;4;3;1;4;4;1;2;3;3;20;163;54;1;"female";"left handed";"secondary school";"no";"city";"block of flats"
115;1;1;2;2;5;5;1;3;5;5;19;163;54;1;"female";"right handed";"secondary school";"no";"city";"house/bungalow"
117;4;2;5;5;5;5;1;3;5;4;21;169;61;1;"female";"right handed";"college/bachelor degree";"no";"city";"block of flats"
118;3;1;2;4;3;5;3;2;2;4;18;165;55;3;"female";"right handed";"secondary school";"no";"village";"house/bungalow"
119;2;1;1;1;2;1;1;2;1;3;23;175;60;1;"male";"right handed";"college/bachelor degree";"no";"city";"block of flats"
120;4;2;1;2;2;4;1;1;2;3;16;161;54;1;"female";"right handed";"secondary school";"no";"village";"house/bungalow"
121;1;1;2;1;1;4;4;1;1;2;23;188;90;0;"male";"right handed";"college/bachelor degree";"yes";"city";"block of flats"
122;1;1;1;2;1;2;3;2;3;3;21;180;85;2;"male";"right handed";"secondary school";"no";"city";"block of flats"
123;4;2;1;2;2;4;3;2;2;2;23;156;56;0;"female";"right handed";"masters degree";"yes";"city";"house/bungalow"
124;2;2;1;1;1;1;1;3;2;4;20;172;80;0;"female";"left handed";"secondary school";"yes";"village";"house/bungalow"
126;3;2;2;2;4;3;2;4;4;3;20;157;54;1;"female";"right handed";"secondary school";"no";"city";"block of flats"
127;4;3;5;4;1;4;4;4;5;3;20;163;56;2;"female";"right handed";"secondary school";"no";"village";"house/bungalow"
128;1;2;2;2;2;2;2;4;2;2;19;177;64;1;"female";"right handed";"primary school";"no";"city";"block of flats"
129;1;1;1;3;1;1;1;5;5;5;15;173;49;3;"female";"left handed";"primary school";"no";"city";"house/bungalow"
130;2;4;4;2;2;1;2;3;1;3;20;178;75;1;"female";"right handed";"secondary school";"no";"village";"house/bungalow"
132;1;2;3;4;2;2;3;1;4;2;18;193;103;2;"male";"right handed";"primary school";"yes";"village";"house/bungalow"
133;1;1;2;1;5;3;5;3;1;4;15;170;51;1;"female";"right handed";"primary school";"no";"village";"house/bungalow"
134;3;3;5;4;4;4;2;2;3;2;20;170;50;2;"female";"right handed";"college/bachelor degree";"no";"city";"house/bungalow"
135;3;3;3;3;5;3;1;5;5;5;16;170;59;1;"female";"right handed";"secondary school";"yes";"village";"house/bungalow"
136;4;4;5;5;5;2;1;3;1;1;18;185;62;1;"male";"right handed";"secondary school";"no";"village";"block of flats"
137;1;1;2;4;5;3;1;1;3;2;21;185;90;1;"male";"right handed";"secondary school";"no";"village";"house/bungalow"
140;4;4;4;4;3;5;5;4;5;2;19;168;53;1;"female";"right handed";"college/bachelor degree";"no";"village";"block of flats"
142;1;2;4;5;1;3;1;5;3;1;19;170;65;1;"female";"right handed";"primary school";"yes";"city";"block of flats"
148;1;1;1;2;2;2;2;3;3;4;18;185;83;2;"male";"right handed";"secondary school";"no";"city";"block of flats"
149;1;2;2;3;2;3;2;2;4;3;20;165;55;3;"male";"right handed";"secondary school";"no";"village";"house/bungalow"
150;1;1;2;3;1;2;1;2;3;4;19;184;85;5;"male";"right handed";"college/bachelor degree";"no";"city";"block of flats"
151;2;1;2;1;5;2;1;3;3;3;22;177;61;1;"female";"right handed";"secondary school";"no";"city";"block of flats"
152;3;2;1;4;3;3;4;2;2;4;20;180;100;1;"male";"right handed";"secondary school";"no";"city";"block of flats"
153;5;1;3;3;2;3;3;5;4;1;25;170;72;2;"male";"right handed";"college/bachelor degree";"no";"city";"block of flats"
155;1;1;2;2;5;3;2;3;1;3;24;185;81;1;"male";"right handed";"college/bachelor degree";"no";"city";"block of flats"
156;1;1;5;1;2;1;5;3;1;3;19;171;72;1;"female";"right handed";"secondary school";"no";"city";"block of flats"
157;1;1;1;5;1;1;1;1;5;2;25;177;97;1;"male";"left handed";"doctorate degree";"yes";"city";"block of flats"
158;1;1;1;1;2;2;2;2;5;2;26;175;60;2;"male";"right handed";"masters degree";"no";"village";"house/bungalow"
159;3;3;2;1;5;2;2;3;5;4;15;160;48;2;"female";"right handed";"currently a primary school pupil";"no";"village";"block of flats"
161;1;1;1;2;1;1;1;1;1;2;19;194;79;1;"male";"right handed";"secondary school";"no";"city";"block of flats"
162;1;2;1;1;4;1;1;5;1;3;20;172;73;2;"female";"left handed";"secondary school";"yes";"city";"house/bungalow"
164;3;3;2;4;4;3;2;2;3;4;22;184;71;1;"male";"right handed";"secondary school";"no";"city";"block of flats"
166;3;2;2;4;4;4;5;4;4;4;20;168;60;1;"female";"right handed";"college/bachelor degree";"yes";"city";"block of flats"
167;1;1;2;2;4;1;1;3;2;1;21;161;65;1;"female";"right handed";"secondary school";"no";"city";"block of flats"
169;1;1;1;1;1;1;1;2;2;1;20;180;71;0;"female";"right handed";"secondary school";"yes";"city";"block of flats"
170;1;2;1;1;5;3;1;1;1;3;19;157;57;2;"female";"right handed";"secondary school";"yes";"village";"house/bungalow"
172;1;1;1;1;1;1;1;3;1;1;20;180;72;0;"male";"right handed";"secondary school";"yes";"city";"block of flats"
173;3;1;3;2;1;1;1;4;4;5;22;191;85;1;"male";"right handed";"secondary school";"no";"village";"house/bungalow"
174;1;1;2;3;2;4;3;2;1;4;21;187;75;1;"male";"right handed";"secondary school";"no";"city";"block of flats"
176;2;1;4;1;3;5;1;4;2;3;17;163;61;2;"female";"right handed";"primary school";"yes";"city";"block of flats"
179;2;2;2;4;2;1;1;5;3;3;20;160;50;1;"female";"right handed";"masters degree";"no";"city";"block of flats"
180;2;2;4;2;5;1;1;3;5;2;22;182;75;1;"male";"right handed";"secondary school";"no";"city";"block of flats"
183;2;3;2;1;5;4;2;1;2;3;19;158;47;0;"female";"right handed";"secondary school";"yes";"city";"house/bungalow"
185;3;5;1;3;2;5;2;4;5;3;21;174;85;0;"female";"right handed";"college/bachelor degree";"yes";"city";"house/bungalow"
186;1;5;1;1;3;5;3;3;4;2;19;167;55;2;"female";"right handed";"secondary school";"no";"city";"block of flats"
188;2;1;1;1;1;1;1;1;4;3;22;183;80;1;"female";"right handed";"college/bachelor degree";"no";"city";"block of flats"
190;1;1;2;2;3;3;2;2;2;5;17;166;54;1;"female";"right handed";"primary school";"no";"city";"block of flats"
191;2;2;2;2;5;1;2;3;2;3;16;158;48;1;"female";"left handed";"primary school";"no";"city";"block of flats"
193;2;1;2;1;5;1;1;4;1;3;18;158;65;2;"female";"right handed";"secondary school";"no";"city";"block of flats"
194;3;1;2;2;1;2;4;3;1;3;26;169;70;2;"male";"right handed";"masters degree";"no";"city";"house/bungalow"
195;2;1;1;2;3;3;4;2;3;1;19;183;78;1;"male";"right handed";"secondary school";"no";"city";"house/bungalow"
196;1;2;3;4;5;5;1;3;5;3;19;185;70;1;"male";"right handed";"secondary school";"yes";"city";"house/bungalow"
197;2;2;3;2;4;5;4;2;4;3;20;169;64;0;"female";"right handed";"secondary school";"yes";"city";"block of flats"
199;1;5;5;5;5;5;5;3;5;4;20;186;88;1;"male";"right handed";"secondary school";"no";"village";"house/bungalow"
201;3;1;2;3;1;2;1;1;3;4;21;169;55;2;"male";"right handed";"secondary school";"no";"city";"block of flats"
204;1;1;1;4;2;2;2;4;4;5;19;163;50;1;"female";"right handed";"college/bachelor degree";"no";"city";"block of flats"
205;2;1;1;1;4;3;1;2;3;4;24;169;51;1;"female";"right handed";"college/bachelor degree";"no";"city";"house/bungalow"
206;3;2;4;5;1;1;1;1;3;4;19;160;53;1;"female";"right handed";"secondary school";"yes";"city";"block of flats"
207;3;2;1;2;3;3;3;2;2;1;25;184;85;3;"male";"left handed";"college/bachelor degree";"no";"village";"house/bungalow"
208;2;3;3;2;5;3;3;1;2;3;20;170;62;1;"female";"right handed";"college/bachelor degree";"no";"city";"house/bungalow"
209;1;5;5;2;5;4;4;4;1;2;19;170;60;2;"female";"right handed";"secondary school";"no";"village";"house/bungalow"
212;1;2;2;5;5;5;5;5;5;1;21;176;55;1;"female";"right handed";"secondary school";"no";"village";"house/bungalow"
213;1;1;1;2;4;4;2;1;3;3;20;170;62;1;"male";"right handed";"secondary school";"no";"city";"block of flats"
214;2;2;1;2;3;4;1;1;5;3;20;168;69;1;"female";"right handed";"secondary school";"no";"village";"house/bungalow"
215;3;2;2;3;5;4;3;3;3;3;18;173;55;3;"female";"right handed";"primary school";"no";"city";"block of flats"
217;1;1;1;3;4;1;1;3;5;1;17;163;68;0;"female";"right handed";"secondary school";"yes";"city";"block of flats"
218;3;3;2;4;5;3;3;3;1;1;19;178;60;1;"female";"right handed";"primary school";"no";"village";"house/bungalow"
219;1;1;1;3;1;1;2;4;3;2;18;182;70;2;"male";"right handed";"primary school";"no";"village";"house/bungalow"
221;1;3;2;2;2;3;2;1;4;3;18;200;90;2;"male";"right handed";"secondary school";"no";"village";"house/bungalow"
222;1;2;1;1;2;2;1;1;3;3;30;178;71;2;"male";"right handed";"masters degree";"no";"city";"block of flats"
223;1;2;1;2;2;4;2;3;5;5;24;153;42;1;"female";"right handed";"secondary school";"no";"city";"house/bungalow"
224;4;2;1;3;1;3;1;5;5;2;20;168;51;0;"female";"right handed";"secondary school";"yes";"village";"house/bungalow"
225;3;1;2;1;1;3;1;2;4;3;20;172;56;1;"male";"right handed";"secondary school";"no";"village";"house/bungalow"
226;1;2;2;2;4;4;2;1;4;2;20;176;64;1;"male";"right handed";"secondary school";"no";"village";"house/bungalow"
228;1;1;1;2;1;1;1;3;1;3;19;168;68;3;"female";"right handed";"secondary school";"no";"village";"house/bungalow"
229;3;3;3;4;1;2;1;3;3;3;20;157;48;2;"female";"right handed";"secondary school";"no";"village";"house/bungalow"
230;1;1;1;1;1;2;1;3;2;2;21;173;73;5;"male";"right handed";"secondary school";"no";"village";"house/bungalow"
231;2;3;3;2;5;5;2;3;4;2;19;173;63;1;"female";"right handed";"secondary school";"no";"village";"house/bungalow"
233;1;1;2;1;2;3;3;5;5;5;19;168;60;2;"female";"right handed";"secondary school";"no";"village";"block of flats"
235;2;1;3;1;4;4;4;1;5;4;18;168;65;1;"female";"right handed";"college/bachelor degree";"no";"village";"house/bungalow"
236;1;1;2;1;2;5;3;1;1;2;16;174;64;0;"female";"right handed";"secondary school";"yes";"city";"block of flats"
237;1;3;4;5;1;1;1;5;5;1;19;171;57;0;"female";"right handed";"secondary school";"yes";"city";"block of flats"
238;1;1;5;1;5;1;4;3;3;5;18;173;64;3;"female";"right handed";"secondary school";"no";"city";"house/bungalow"
240;5;4;3;4;5;5;3;5;3;4;21;173;59;1;"female";"left handed";"secondary school";"yes";"city";"block of flats"
241;2;3;2;3;3;3;3;5;3;2;21;180;80;1;"male";"right handed";"college/bachelor degree";"no";"city";"block of flats"
242;2;4;5;2;5;5;5;3;4;4;18;180;60;1;"female";"right handed";"secondary school";"yes";"city";"block of flats"
245;5;3;3;2;5;4;5;3;5;4;20;160;46;0;"female";"right handed";"secondary school";"yes";"city";"block of flats"
246;2;2;1;4;1;5;1;5;5;2;19;172;60;1;"female";"right handed";"primary school";"no";"city";"block of flats"
247;1;1;1;1;4;4;4;5;4;1;27;180;80;0;"male";"right handed";"masters degree";"yes";"city";"block of flats"
249;1;1;3;1;3;3;3;4;4;4;19;160;55;2;"female";"right handed";"secondary school";"no";"city";"block of flats"
251;3;5;4;2;1;1;2;3;3;2;20;176;63;0;"female";"right handed";"secondary school";"yes";"city";"block of flats"
252;3;3;1;5;1;3;2;2;5;3;19;164;60;2;"female";"right handed";"secondary school";"no";"village";"house/bungalow"
253;5;3;3;2;4;1;3;3;3;2;20;155;44;0;"female";"right handed";"secondary school";"yes";"village";"house/bungalow"
254;3;2;1;3;3;1;2;1;2;2;17;167;57;2;"female";"left handed";"primary school";"yes";"city";"block of flats"
255;1;1;1;2;5;4;3;1;1;1;23;171;59;2;"female";"right handed";"secondary school";"no";"village";"house/bungalow"
257;1;3;3;1;5;5;3;5;5;3;20;170;60;1;"female";"right handed";"secondary school";"no";"city";"block of flats"
258;3;1;1;4;2;5;2;3;4;3;19;182;65;2;"male";"right handed";"secondary school";"no";"city";"block of flats"
259;1;1;4;4;1;3;3;2;1;5;20;182;63;1;"female";"right handed";"secondary school";"yes";"city";"block of flats"
262;2;1;3;3;3;3;2;5;4;3;18;170;50;1;"female";"right handed";"secondary school";"no";"city";"house/bungalow"
264;1;1;4;2;4;1;4;1;2;1;15;176;53;3;"female";"right handed";"secondary school";"no";"city";"block of flats"
266;1;2;3;1;4;3;1;1;2;3;15;170;49;1;"female";"right handed";"secondary school";"no";"city";"block of flats"
267;1;5;4;1;3;3;2;1;3;3;19;168;72;1;"female";"right handed";"secondary school";"no";"city";"block of flats"
268;1;1;1;3;1;2;1;1;1;1;21;163;49;2;"female";"left handed";"masters degree";"no";"city";"house/bungalow"
269;1;2;4;2;5;4;2;5;4;3;19;152;47;2;"female";"right handed";"college/bachelor degree";"no";"city";"block of flats"
270;1;1;1;1;2;2;2;2;4;3;17;158;57;1;"female";"right handed";"secondary school";"no";"village";"house/bungalow"
272;3;3;3;1;2;4;2;4;4;4;24;177;80;0;"male";"right handed";"secondary school";"yes";"village";"house/bungalow"
273;1;1;3;2;2;1;2;5;2;4;19;170;55;1;"female";"right handed";"secondary school";"no";"city";"block of flats"
274;2;2;3;1;4;5;5;3;2;2;19;178;67;2;"female";"right handed";"college/bachelor degree";"no";"city";"block of flats"
275;1;3;5;5;4;4;5;5;5;2;22;170;60;0;"female";"right handed";"secondary school";"yes";"city";"house/bungalow"
276;1;1;3;5;4;1;1;3;2;2;20;170;70;1;"female";"right handed";"college/bachelor degree";"no";"city";"block of flats"
278;2;1;1;2;5;2;2;1;1;1;19;188;76;0;"male";"right handed";"secondary school";"yes";"city";"block of flats"
279;1;1;1;1;1;1;1;3;1;3;19;180;85;2;"male";"right handed";"secondary school";"no";"village";"house/bungalow"
281;3;2;3;1;5;1;1;1;1;1;18;178;69;1;"female";"right handed";"secondary school";"no";"city";"house/bungalow"
282;1;1;2;5;2;1;1;3;4;3;19;178;74;1;"male";"right handed";"secondary school";"no";"city";"block of flats"
283;3;4;3;3;5;5;5;3;2;5;20;165;50;2;"female";"right handed";"secondary school";"no";"city";"block of flats"
285;1;1;1;4;3;3;1;1;3;3;20;178;68;2;"male";"right handed";"secondary school";"no";"city";"block of flats"
286;1;2;2;2;5;3;3;3;3;3;20;168;55;2;"female";"right handed";"secondary school";"no";"city";"block of flats"
287;5;5;3;3;4;5;4;3;3;3;27;168;55;1;"female";"right handed";"masters degree";"no";"city";"block of flats"
288;2;2;3;3;5;5;2;4;3;3;19;180;57;1;"female";"right handed";"secondary school";"yes";"city";"house/bungalow"
291;1;1;1;1;1;1;3;4;4;2;20;173;58;1;"female";"right handed";"secondary school";"no";"city";"house/bungalow"
292;1;1;1;1;2;2;1;2;2;4;20;193;85;1;"male";"right handed";"secondary school";"no";"village";"house/bungalow"
293;2;2;1;1;4;4;4;4;4;1;21;184;120;1;"female";"right handed";"secondary school";"no";"city";"house/bungalow"
294;1;1;4;1;2;2;2;3;4;5;16;167;62;1;"female";"right handed";"primary school";"yes";"village";"house/bungalow"
296;4;2;3;4;3;5;4;4;5;4;18;167;57;1;"female";"right handed";"secondary school";"no";"village";"house/bungalow"
297;1;1;1;2;1;1;1;3;1;1;23;190;90;1;"male";"right handed";"college/bachelor degree";"no";"city";"block of flats"
298;1;1;2;2;1;1;1;2;2;3;19;187;83;0;"male";"right handed";"secondary school";"yes";"village";"house/bungalow"
299;1;2;5;5;3;5;3;4;4;5;19;163;51;0;"female";"right handed";"secondary school";"no";"city";"house/bungalow"
300;3;2;4;3;5;5;5;5;3;5;22;173;52;1;"female";"right handed";"college/bachelor degree";"no";"city";"block of flats"
302;2;1;1;2;1;1;1;1;2;3;20;190;92;1;"male";"right handed";"college/bachelor degree";"no";"city";"house/bungalow"
304;5;1;1;2;4;4;4;2;3;1;25;167;76;1;"female";"right handed";"masters degree";"no";"city";"block of flats"
305;1;1;2;3;3;3;1;4;2;1;18;160;53;2;"female";"right handed";"secondary school";"yes";"city";"block of flats"
306;5;4;3;5;2;5;1;3;4;3;20;169;64;0;"female";"right handed";"college/bachelor degree";"yes";"city";"house/bungalow"
308;1;5;2;1;5;4;1;1;4;4;19;176;68;2;"female";"right handed";"secondary school";"no";"city";"block of flats"
310;1;1;2;1;1;1;1;2;2;3;16;158;50;0;"female";"right handed";"secondary school";"yes";"village";"house/bungalow"
312;1;1;1;1;5;1;1;3;1;2;18;167;57;0;"female";"right handed";"college/bachelor degree";"yes";"city";"block of flats"
313;3;1;2;3;2;2;1;1;3;3;15;170;75;1;"male";"right handed";"primary school";"no";"city";"house/bungalow"
315;2;1;1;3;2;3;3;3;5;2;20;180;75;2;"male";"right handed";"secondary school";"no";"village";"house/bungalow"
316;1;1;1;1;5;5;5;3;4;4;20;184;68;1;"male";"left handed";"secondary school";"no";"city";"block of flats"
317;1;3;3;2;3;3;2;3;3;3;20;170;60;1;"female";"right handed";"secondary school";"yes";"city";"house/bungalow"
320;2;1;2;4;5;5;4;1;4;5;18;166;65;1;"female";"left handed";"secondary school";"no";"city";"block of flats"
323;3;3;3;2;2;5;2;4;5;1;18;160;50;1;"female";"right handed";"primary school";"no";"city";"block of flats"
324;1;1;3;2;4;4;1;2;5;4;20;178;68;1;"male";"left handed";"secondary school";"no";"village";"house/bungalow"
325;3;2;2;1;2;3;4;3;4;5;18;168;65;1;"female";"right handed";"primary school";"no";"city";"block of flats"
326;1;1;2;2;2;1;1;2;3;4;19;185;62;1;"male";"right handed";"secondary school";"no";"village";"house/bungalow"
327;2;4;2;2;1;1;1;1;3;2;19;175;58;0;"female";"right handed";"college/bachelor degree";"yes";"city";"block of flats"
328;5;4;2;4;5;5;3;1;2;3;20;167;55;1;"female";"right handed";"secondary school";"no";"city";"block of flats"
330;3;2;2;2;2;3;3;4;4;3;17;160;60;1;"female";"right handed";"primary school";"no";"city";"block of flats"
332;1;1;2;1;3;3;1;1;1;2;17;182;92;1;"male";"right handed";"secondary school";"yes";"village";"house/bungalow"
333;5;5;4;3;3;4;2;5;5;1;22;165;60;2;"female";"right handed";"secondary school";"no";"village";"house/bungalow"
334;3;1;1;4;3;3;3;1;3;2;16;174;65;1;"female";"right handed";"secondary school";"yes";"city";"block of flats"
335;3;2;1;1;4;1;1;4;4;3;24;169;50;1;"female";"right handed";"masters degree";"no";"city";"block of flats"
336;1;1;1;3;1;2;1;1;2;2;17;185;73;1;"male";"right handed";"primary school";"no";"city";"block of flats"
337;4;1;1;4;5;5;4;1;5;3;17;170;60;1;"male";"left handed";"secondary school";"no";"city";"block of flats"
338;3;1;1;4;3;1;1;1;1;2;17;182;76;2;"male";"right handed";"secondary school";"no";"city";"house/bungalow"
340;3;4;3;2;2;5;2;4;5;1;18;160;50;2;"female";"right handed";"primary school";"no";"city";"block of flats"
341;1;4;4;4;5;4;1;3;5;1;18;158;53;2;"female";"right handed";"primary school";"no";"village";"house/bungalow"
342;1;4;4;1;5;5;5;5;5;2;16;186;63;1;"male";"right handed";"primary school";"no";"village";"house/bungalow"
343;2;2;3;2;5;2;2;4;1;3;20;173;68;1;"female";"right handed";"secondary school";"yes";"city";"block of flats"
345;5;4;3;5;3;5;5;1;5;3;24;172;68;3;"female";"right handed";"college/bachelor degree";"no";"village";"house/bungalow"
346;2;2;3;3;1;5;4;2;4;3;18;164;60;0;"female";"right handed";"secondary school";"yes";"city";"block of flats"
347;1;2;2;1;1;3;3;1;4;1;17;185;70;1;"male";"right handed";"primary school";"yes";"city";"block of flats"
349;1;1;2;1;5;3;2;4;2;1;16;182;75;1;"male";"right handed";"secondary school";"no";"city";"block of flats"
351;1;1;1;3;1;1;1;2;3;3;20;187;68;2;"male";"right handed";"college/bachelor degree";"no";"city";"house/bungalow"
353;3;3;3;3;3;1;1;1;2;3;19;189;76;1;"male";"right handed";"secondary school";"no";"city";"block of flats"
354;2;1;3;2;3;3;2;2;3;3;18;166;60;1;"female";"right handed";"secondary school";"no";"city";"block of flats"
355;1;1;3;3;3;5;5;3;4;2;20;161;59;1;"female";"right handed";"secondary school";"no";"city";"block of flats"
357;1;1;1;4;1;1;3;2;4;2;18;185;74;1;"male";"left handed";"secondary school";"no";"city";"house/bungalow"
359;3;1;3;5;4;3;1;3;5;4;19;170;68;2;"male";"right handed";"college/bachelor degree";"no";"city";"house/bungalow"
360;5;1;3;3;5;5;2;3;2;4;20;184;72;2;"female";"right handed";"secondary school";"no";"city";"block of flats"
362;2;2;4;1;1;2;4;5;3;1;19;166;58;1;"female";"right handed";"college/bachelor degree";"no";"village";"house/bungalow"
364;1;1;1;2;5;5;1;2;2;4;19;167;50;2;"female";"right handed";"college/bachelor degree";"no";"city";"block of flats"
365;1;2;2;2;4;4;3;1;5;3;20;178;75;2;"male";"right handed";"college/bachelor degree";"no";"city";"block of flats"
368;3;1;1;2;1;3;1;5;4;3;20;178;67;2;"male";"right handed";"secondary school";"no";"village";"block of flats"
371;3;5;5;4;5;5;4;2;5;3;19;168;58;2;"female";"right handed";"secondary school";"no";"village";"house/bungalow"
372;2;4;1;3;2;3;2;1;5;1;19;164;53;4;"female";"right handed";"secondary school";"no";"village";"house/bungalow"
373;1;1;1;1;1;1;1;1;3;2;20;187;56;2;"male";"right handed";"secondary school";"no";"city";"block of flats"
375;3;3;3;5;5;5;5;4;3;5;21;176;62;1;"female";"right handed";"secondary school";"no";"city";"block of flats"
378;3;2;2;1;1;1;1;1;4;4;17;158;70;0;"female";"right handed";"secondary school";"yes";"village";"house/bungalow"
380;2;1;2;2;2;3;3;2;2;2;25;174;67;2;"male";"right handed";"masters degree";"no";"city";"house/bungalow"
381;2;2;1;2;2;5;1;2;2;3;20;170;58;1;"female";"left handed";"secondary school";"no";"city";"block of flats"
382;1;2;2;2;2;2;2;3;4;3;21;173;58;1;"female";"right handed";"secondary school";"no";"city";"block of flats"
384;2;1;1;3;2;4;2;3;4;3;22;185;90;1;"male";"right handed";"college/bachelor degree";"no";"city";"block of flats"
386;1;1;1;2;1;1;1;4;3;2;25;178;77;1;"male";"right handed";"college/bachelor degree";"no";"city";"block of flats"
387;1;1;3;3;2;1;1;2;4;4;19;166;55;0;"female";"right handed";"secondary school";"yes";"city";"block of flats"
388;1;1;2;2;1;2;5;3;2;3;25;167;64;2;"female";"right handed";"masters degree";"no";"city";"block of flats"
389;2;2;1;4;5;5;5;2;4;2;25;169;60;1;"female";"right handed";"masters degree";"no";"city";"block of flats"
390;1;3;5;5;2;5;4;1;2;3;21;168;60;0;"female";"right handed";"secondary school";"yes";"city";"house/bungalow"
391;2;2;2;3;2;3;1;1;2;2;20;178;65;2;"male";"right handed";"secondary school";"no";"city";"block of flats"
392;3;3;3;3;3;3;3;2;4;5;24;165;49;2;"female";"right handed";"masters degree";"no";"city";"block of flats"
393;3;4;3;2;3;5;4;2;4;4;30;160;47;2;"female";"right handed";"masters degree";"no";"city";"block of flats"
394;1;1;1;3;1;1;1;2;1;1;21;176;75;1;"male";"right handed";"secondary school";"no";"city";"block of flats"
395;4;4;5;5;5;2;4;5;4;2;27;186;77;3;"male";"right handed";"masters degree";"no";"city";"block of flats"
396;1;1;1;2;1;3;1;1;1;3;21;172;68;1;"male";"right handed";"college/bachelor degree";"no";"city";"block of flats"
400;2;2;1;4;1;2;2;1;4;1;22;160;65;1;"female";"right handed";"secondary school";"no";"city";"block of flats"
401;1;1;1;1;2;2;2;2;4;2;19;180;80;1;"male";"left handed";"secondary school";"no";"village";"block of flats"
402;1;2;3;4;1;1;1;1;2;1;20;170;90;1;"female";"right handed";"secondary school";"no";"village";"block of flats"
404;4;1;1;1;1;1;2;1;2;4;23;175;79;2;"male";"right handed";"secondary school";"no";"village";"house/bungalow"
405;1;1;1;2;2;2;2;3;3;2;20;167;57;2;"female";"right handed";"college/bachelor degree";"no";"village";"house/bungalow"
407;4;5;4;3;1;5;3;3;5;4;21;168;60;1;"female";"left handed";"secondary school";"no";"village";"house/bungalow"
408;1;1;1;2;4;4;5;3;5;2;19;166;44;1;"female";"left handed";"secondary school";"no";"city";"block of flats"
409;5;3;5;1;3;5;5;4;5;2;21;164;58;1;"female";"right handed";"college/bachelor degree";"no";"city";"block of flats"
410;2;3;5;5;5;3;1;1;1;1;16;165;50;0;"female";"right handed";"currently a primary school pupil";"yes";"city";"block of flats"
411;1;1;1;1;1;1;1;1;1;1;20;180;88;1;"male";"right handed";"secondary school";"no";"village";"house/bungalow"
412;4;3;4;3;5;5;3;2;2;1;18;173;60;0;"female";"right handed";"secondary school";"yes";"city";"block of flats"
413;1;1;1;5;1;1;5;1;3;1;21;168;54;1;"female";"right handed";"secondary school";"no";"city";"block of flats"
414;2;1;2;2;3;3;2;3;3;3;21;177;68;2;"male";"right handed";"secondary school";"no";"village";"house/bungalow"
415;1;2;3;4;4;4;4;1;4;1;18;167;56;2;"male";"right handed";"college/bachelor degree";"no";"city";"block of flats"
416;1;5;5;3;5;5;5;5;5;2;19;173;69;1;"female";"right handed";"secondary school";"no";"village";"house/bungalow"
418;1;1;2;4;4;2;3;5;2;3;18;180;60;1;"male";"right handed";"secondary school";"no";"village";"house/bungalow"
419;3;4;3;4;5;5;5;2;4;3;18;172;60;1;"female";"right handed";"primary school";"no";"village";"house/bungalow"
420;1;2;2;2;1;2;1;1;2;1;23;158;53;0;"female";"right handed";"secondary school";"yes";"village";"house/bungalow"
421;1;5;5;5;3;5;3;1;5;3;20;165;52;1;"female";"right handed";"secondary school";"no";"village";"house/bungalow"
422;3;2;2;2;2;3;2;1;2;1;18;168;55;1;"female";"left handed";"secondary school";"no";"village";"house/bungalow"
426;3;3;3;5;5;5;5;1;5;3;21;161;57;3;"female";"right handed";"secondary school";"no";"village";"house/bungalow"
427;2;2;4;3;5;2;1;1;3;2;22;160;65;1;"female";"right handed";"masters degree";"no";"city";"house/bungalow"
428;1;1;1;5;5;3;3;1;3;2;19;180;77;1;"male";"right handed";"secondary school";"no";"city";"block of flats"
429;3;3;5;3;4;4;5;3;4;3;18;164;56;2;"female";"right handed";"primary school";"no";"city";"block of flats"
431;2;2;2;2;3;2;2;2;2;2;19;170;53;1;"female";"right handed";"masters degree";"no";"village";"house/bungalow"
432;3;2;1;4;3;4;4;3;4;4;19;185;78;2;"male";"left handed";"secondary school";"no";"village";"house/bungalow"
433;1;1;2;5;2;2;2;3;3;4;20;184;80;1;"male";"right handed";"secondary school";"no";"city";"block of flats"
434;2;1;3;2;1;4;5;5;5;3;19;170;56;3;"female";"right handed";"secondary school";"no";"city";"block of flats"
435;2;1;1;2;3;5;2;2;3;2;18;184;83;1;"male";"right handed";"secondary school";"no";"city";"block of flats"
436;2;4;5;5;5;2;1;2;5;2;18;173;60;1;"female";"right handed";"secondary school";"no";"city";"block of flats"
437;1;1;2;1;3;3;2;5;3;2;19;176;62;1;"male";"right handed";"secondary school";"no";"city";"block of flats"
439;4;1;1;2;5;5;4;1;3;3;18;180;74;2;"female";"right handed";"secondary school";"no";"village";"house/bungalow"
440;1;1;2;4;1;1;1;4;1;3;19;175;70;1;"male";"right handed";"secondary school";"no";"city";"block of flats"
441;1;2;4;4;5;5;4;4;4;5;19;164;58;1;"female";"right handed";"secondary school";"no";"city";"block of flats"
443;2;1;2;2;2;4;3;3;3;2;18;163;58;6;"female";"right handed";"secondary school";"no";"city";"block of flats"
444;1;2;4;1;1;3;3;2;4;2;18;162;54;3;"female";"right handed";"secondary school";"no";"village";"house/bungalow"
445;1;2;2;3;2;2;1;4;2;2;19;170;54;1;"female";"right handed";"secondary school";"no";"city";"block of flats"
446;1;2;2;3;5;5;5;1;3;2;20;157;43;1;"female";"right handed";"secondary school";"yes";"city";"block of flats"
447;2;1;2;4;4;4;3;1;3;4;19;185;70;1;"male";"right handed";"secondary school";"no";"city";"block of flats"
448;5;3;3;5;4;5;4;1;4;3;26;163;55;3;"female";"left handed";"masters degree";"no";"village";"house/bungalow"
449;1;3;2;3;3;3;2;3;5;2;19;168;49;1;"female";"right handed";"secondary school";"no";"village";"house/bungalow"
451;1;2;1;3;1;3;3;1;5;3;22;178;82;1;"male";"right handed";"college/bachelor degree";"no";"village";"house/bungalow"
452;1;1;2;2;2;3;2;2;3;2;20;165;65;1;"male";"right handed";"college/bachelor degree";"no";"village";"house/bungalow"
453;1;4;5;1;5;5;5;5;3;4;28;180;63;2;"female";"right handed";"masters degree";"no";"city";"block of flats"
455;1;3;3;3;5;2;3;4;5;1;21;156;48;0;"female";"right handed";"secondary school";"yes";"city";"house/bungalow"
456;3;5;5;4;4;5;5;2;5;5;19;175;58;1;"female";"right handed";"secondary school";"no";"village";"house/bungalow"
457;2;1;1;2;1;1;1;1;3;4;22;188;80;2;"male";"right handed";"secondary school";"no";"city";"block of flats"
458;1;1;1;3;2;2;2;2;2;4;19;181;62;2;"male";"right handed";"secondary school";"no";"city";"house/bungalow"
460;2;2;2;2;2;2;2;2;3;3;19;166;62;0;"female";"right handed";"secondary school";"yes";"city";"block of flats"
461;1;1;1;1;1;1;1;5;2;1;22;189;78;2;"male";"left handed";"secondary school";"no";"city";"block of flats"
462;2;2;2;2;1;2;2;2;2;2;29;189;96;3;"male";"right handed";"masters degree";"yes";"village";"house/bungalow"
464;4;4;4;4;2;5;1;3;5;5;18;164;60;0;"female";"right handed";"secondary school";"yes";"city";"block of flats"
465;1;2;3;5;4;4;5;3;5;1;22;172;50;1;"female";"right handed";"secondary school";"no";"city";"house/bungalow"
466;2;2;1;1;1;3;1;3;1;2;17;157;46;1;"female";"right handed";"secondary school";"no";"city";"house/bungalow"
468;2;2;3;4;5;5;5;4;5;5;20;161;46;1;"female";"right handed";"secondary school";"no";"village";"house/bungalow"
471;3;1;5;2;1;3;3;3;4;4;19;167;58;1;"female";"right handed";"secondary school";"no";"village";"block of flats"
472;1;1;2;2;3;1;1;3;2;1;20;178;74;1;"male";"right handed";"secondary school";"no";"city";"block of flats"
473;3;4;2;4;1;1;1;4;1;5;25;186;78;1;"male";"right handed";"masters degree";"no";"village";"block of flats"
481;2;2;4;1;2;3;1;1;2;4;21;161;55;2;"female";"right handed";"secondary school";"no";"city";"block of flats"
483;2;1;2;4;2;2;2;1;2;4;22;189;82;2;"male";"right handed";"secondary school";"no";"city";"block of flats"
487;3;4;3;4;5;4;3;4;5;2;28;171;57;1;"female";"right handed";"masters degree";"no";"city";"block of flats"
489;1;2;1;2;1;1;1;1;1;2;22;177;75;1;"male";"right handed";"secondary school";"no";"city";"block of flats"
490;1;1;1;4;5;4;2;5;5;1;20;160;49;2;"female";"right handed";"college/bachelor degree";"yes";"village";"house/bungalow"
491;2;1;1;2;5;5;5;5;5;4;16;168;50;1;"female";"right handed";"primary school";"no";"city";"block of flats"
492;2;5;3;2;5;1;1;1;4;3;19;165;56;1;"female";"right handed";"secondary school";"no";"city";"block of flats"
493;2;1;2;3;4;3;2;2;2;3;20;163;68;2;"female";"right handed";"secondary school";"no";"city";"block of flats"
494;2;1;1;4;2;3;3;2;2;3;21;185;78;1;"male";"right handed";"college/bachelor degree";"no";"city";"block of flats"
495;2;2;1;2;1;2;2;3;3;1;19;165;55;1;"female";"right handed";"secondary school";"no";"city";"block of flats"
497;3;2;2;2;5;3;3;2;3;3;25;170;52;1;"female";"right handed";"college/bachelor degree";"no";"city";"block of flats"
499;4;1;1;4;1;4;3;3;4;3;19;170;50;3;"female";"right handed";"secondary school";"no";"village";"house/bungalow"
501;1;3;2;3;2;4;4;2;3;3;19;172;58;2;"female";"left handed";"secondary school";"no";"city";"house/bungalow"
502;1;2;2;2;5;4;5;3;5;5;21;179;60;1;"female";"right handed";"secondary school";"no";"city";"block of flats"
504;2;1;2;1;4;5;4;3;5;4;28;176;60;1;"female";"right handed";"masters degree";"no";"city";"block of flats"
505;5;3;1;1;1;1;1;1;1;4;21;168;50;1;"female";"right handed";"college/bachelor degree";"no";"village";"house/bungalow"
506;3;2;2;3;1;5;2;2;4;3;20;177;75;3;"male";"right handed";"secondary school";"no";"village";"house/bungalow"
507;1;1;1;1;2;1;2;1;1;2;19;189;83;1;"male";"left handed";"secondary school";"no";"city";"block of flats"
508;3;2;2;2;5;3;2;1;5;2;21;168;53;1;"female";"right handed";"college/bachelor degree";"no";"village";"house/bungalow"
511;1;3;1;1;1;2;1;5;2;1;22;176;70;1;"male";"right handed";"college/bachelor degree";"yes";"village";"house/bungalow"
512;2;1;2;1;2;1;2;2;4;2;19;185;75;2;"male";"right handed";"secondary school";"no";"city";"block of flats"
514;1;1;1;1;1;1;1;2;2;3;20;178;74;0;"male";"right handed";"secondary school";"yes";"village";"block of flats"
515;2;3;3;3;4;4;4;3;5;1;22;178;66;0;"male";"right handed";"college/bachelor degree";"yes";"city";"block of flats"
516;1;1;3;1;2;1;1;1;3;3;19;187;69;1;"male";"right handed";"secondary school";"no";"city";"block of flats"
519;2;1;5;2;2;1;1;3;2;3;18;171;62;1;"female";"right handed";"secondary school";"no";"city";"block of flats"
520;1;1;1;2;1;3;1;5;2;4;19;185;74;1;"male";"right handed";"primary school";"no";"city";"block of flats"
521;4;2;5;2;5;5;4;3;4;1;23;174;62;1;"female";"right handed";"masters degree";"no";"city";"block of flats"
522;3;4;5;1;1;1;3;2;4;5;20;157;57;0;"female";"right handed";"secondary school";"yes";"city";"block of flats"
523;1;1;1;3;2;3;1;3;1;2;18;165;57;2;"female";"right handed";"secondary school";"no";"city";"house/bungalow"
529;1;2;1;3;1;3;1;1;4;3;20;185;85;2;"male";"right handed";"secondary school";"no";"city";"house/bungalow"
530;1;1;2;2;1;1;1;3;1;3;20;180;68;1;"male";"right handed";"secondary school";"no";"city";"block of flats"
531;1;2;3;3;3;1;2;2;4;2;28;172;50;2;"female";"right handed";"secondary school";"no";"city";"block of flats"
532;1;1;1;3;2;5;1;1;1;2;22;189;68;1;"male";"right handed";"secondary school";"no";"village";"house/bungalow"
533;4;1;1;2;2;2;1;4;1;1;19;170;65;0;"female";"right handed";"secondary school";"yes";"city";"block of flats"
534;1;1;1;2;1;1;1;2;2;1;21;184;82;3;"male";"right handed";"college/bachelor degree";"no";"city";"block of flats"
536;1;1;3;1;1;3;1;1;1;1;17;175;60;2;"male";"right handed";"secondary school";"no";"village";"house/bungalow"
537;1;2;5;1;5;3;3;5;1;1;19;168;57;1;"female";"right handed";"college/bachelor degree";"no";"city";"block of flats"
538;3;1;3;2;2;3;1;5;3;3;25;190;82;3;"male";"right handed";"masters degree";"no";"city";"block of flats"
539;4;3;3;3;5;5;5;2;5;2;20;170;52;1;"female";"right handed";"secondary school";"no";"village";"house/bungalow"
540;1;2;2;4;4;5;5;4;4;1;26;194;85;2;"male";"right handed";"college/bachelor degree";"no";"city";"block of flats"
542;1;2;1;1;3;4;3;1;2;2;20;175;53;2;"female";"right handed";"secondary school";"no";"city";"block of flats"
545;1;1;1;4;1;1;2;4;5;3;21;175;75;2;"male";"right handed";"masters degree";"yes";"city";"house/bungalow"
546;5;3;1;3;3;3;3;3;5;3;20;176;70;3;"male";"right handed";"secondary school";"no";"village";"block of flats"
547;1;1;1;1;1;2;1;2;5;1;27;178;77;3;"male";"right handed";"masters degree";"no";"village";"house/bungalow"
548;1;1;2;3;1;1;1;1;4;1;21;203;80;2;"male";"left handed";"secondary school";"no";"village";"house/bungalow"
551;1;1;4;3;5;4;4;1;4;4;17;163;49;3;"female";"left handed";"primary school";"yes";"village";"house/bungalow"
554;1;4;4;3;5;4;4;5;4;3;18;170;53;1;"female";"right handed";"secondary school";"yes";"village";"house/bungalow"
555;3;2;2;3;2;3;2;2;3;3;19;178;65;0;"male";"right handed";"college/bachelor degree";"yes";"village";"house/bungalow"
556;1;4;4;5;1;5;1;3;5;5;21;167;63;1;"female";"right handed";"college/bachelor degree";"yes";"village";"house/bungalow"
558;1;3;5;5;5;5;4;5;4;5;20;170;55;2;"female";"right handed";"college/bachelor degree";"no";"city";"block of flats"
560;1;3;3;2;1;5;3;5;4;3;20;173;55;1;"female";"right handed";"secondary school";"yes";"village";"house/bungalow"
562;3;1;2;2;2;1;1;3;2;3;20;185;86;1;"male";"right handed";"secondary school";"no";"city";"block of flats"
565;1;1;1;1;5;5;5;1;2;1;20;180;75;2;"male";"right handed";"college/bachelor degree";"no";"village";"house/bungalow"
567;2;1;2;4;3;5;2;1;2;5;19;175;76;1;"female";"right handed";"secondary school";"no";"village";"house/bungalow"
569;2;5;3;3;3;5;4;4;5;3;23;172;64;1;"female";"right handed";"college/bachelor degree";"no";"city";"block of flats"
570;4;2;3;1;2;3;2;1;3;2;20;165;48;1;"female";"right handed";"college/bachelor degree";"no";"city";"house/bungalow"
574;1;1;1;3;5;5;5;1;1;3;17;183;75;3;"male";"right handed";"primary school";"no";"city";"block of flats"
575;1;1;1;1;1;1;1;1;1;2;20;178;58;1;"female";"right handed";"secondary school";"no";"village";"house/bungalow"
576;2;2;2;2;2;3;3;4;4;2;21;169;65;1;"female";"right handed";"secondary school";"no";"city";"house/bungalow"
577;1;1;1;2;4;1;1;1;1;2;21;178;78;3;"male";"right handed";"secondary school";"no";"city";"house/bungalow"
578;3;3;4;3;5;5;5;2;5;2;19;160;43;1;"female";"right handed";"secondary school";"no";"city";"block of flats"
579;3;3;1;1;4;5;2;4;5;4;20;175;75;0;"female";"right handed";"secondary school";"yes";"village";"house/bungalow"
580;4;2;2;4;2;4;1;2;3;4;19;195;95;0;"male";"right handed";"college/bachelor degree";"yes";"city";"block of flats"
583;2;2;2;2;4;4;2;3;3;2;22;172;70;3;"male";"right handed";"college/bachelor degree";"no";"city";"block of flats"
584;2;1;4;2;1;1;1;1;2;2;22;190;80;1;"male";"right handed";"college/bachelor degree";"no";"city";"block of flats"
585;3;1;1;3;3;3;3;3;3;4;28;178;65;1;"female";"left handed";"masters degree";"no";"city";"block of flats"
586;5;4;3;3;3;5;3;4;5;3;21;185;80;1;"male";"right handed";"secondary school";"no";"city";"block of flats"
588;2;3;3;1;3;3;1;1;2;2;17;165;65;3;"female";"right handed";"primary school";"no";"city";"block of flats"
589;1;2;2;1;5;5;4;2;5;3;21;170;52;1;"female";"right handed";"secondary school";"yes";"city";"block of flats"
590;1;5;3;1;5;1;1;2;1;1;17;173;66;1;"female";"right handed";"primary school";"no";"village";"block of flats"
591;2;2;1;2;1;1;1;3;4;2;28;182;88;1;"male";"right handed";"masters degree";"no";"city";"block of flats"
592;5;1;5;1;1;4;2;3;3;3;20;160;55;1;"female";"right handed";"college/bachelor degree";"no";"city";"block of flats"
594;2;2;2;3;2;1;1;1;2;2;21;172;52;1;"female";"right handed";"secondary school";"no";"city";"block of flats"
595;3;2;2;2;1;3;2;5;5;1;23;189;87;1;"male";"right handed";"college/bachelor degree";"no";"city";"block of flats"
596;2;1;1;5;1;1;1;1;3;5;17;168;67;1;"male";"right handed";"primary school";"yes";"village";"house/bungalow"
598;3;1;2;2;1;4;4;3;4;5;19;178;68;1;"male";"right handed";"secondary school";"no";"city";"block of flats"
599;1;1;2;4;4;3;2;5;3;4;19;170;80;1;"male";"left handed";"secondary school";"no";"city";"block of flats"
600;3;1;2;4;2;2;2;3;3;3;19;184;84;1;"male";"right handed";"secondary school";"no";"city";"block of flats"
601;3;3;4;2;5;3;1;1;3;2;18;171;54;0;"female";"right handed";"secondary school";"yes";"city";"block of flats"
602;3;4;4;3;3;5;4;2;5;2;19;164;55;1;"female";"right handed";"secondary school";"no";"village";"block of flats"
605;2;3;5;4;5;5;3;3;5;5;21;170;53;1;"female";"right handed";"secondary school";"no";"city";"block of flats"
606;1;1;1;1;5;5;1;3;2;4;21;185;65;1;"male";"left handed";"college/bachelor degree";"no";"village";"house/bungalow"
610;3;1;1;1;1;1;1;1;2;1;18;188;73;2;"male";"right handed";"currently a primary school pupil";"no";"city";"block of flats"
611;3;1;2;3;5;2;2;4;3;4;20;183;83;1;"male";"right handed";"secondary school";"no";"city";"house/bungalow"
612;1;4;4;3;4;4;3;2;3;3;18;168;57;0;"female";"right handed";"secondary school";"yes";"city";"block of flats"
613;1;3;3;3;3;3;3;3;3;1;23;172;110;2;"male";"right handed";"secondary school";"no";"village";"block of flats"
614;4;2;4;4;5;5;4;3;2;4;18;162;58;1;"female";"right handed";"secondary school";"no";"city";"block of flats"
615;5;3;1;5;1;5;1;5;1;1;22;164;64;1;"female";"right handed";"secondary school";"no";"village";"house/bungalow"
617;1;1;1;1;1;1;1;1;1;1;19;178;71;1;"male";"right handed";"secondary school";"yes";"city";"block of flats"
619;1;1;1;1;3;1;1;1;1;3;23;173;65;0;"female";"right handed";"college/bachelor degree";"yes";"city";"block of flats"
620;1;1;2;2;3;5;2;4;3;1;27;175;83;4;"male";"right handed";"secondary school";"no";"city";"block of flats"
621;1;1;1;1;3;3;1;2;2;4;20;183;75;2;"male";"right handed";"secondary school";"no";"city";"block of flats"
623;5;2;3;2;2;4;1;4;1;1;18;161;74;1;"female";"right handed";"primary school";"no";"city";"block of flats"
626;1;3;3;3;5;5;5;1;4;1;19;163;50;1;"female";"right handed";"secondary school";"yes";"city";"block of flats"
627;3;4;4;5;2;2;4;3;2;3;22;162;60;0;"female";"right handed";"secondary school";"no";"village";"block of flats"
629;1;1;1;1;1;1;1;3;1;4;19;172;68;0;"male";"right handed";"secondary school";"yes";"city";"block of flats"
633;1;1;2;2;1;1;1;4;3;4;17;178;80;1;"male";"right handed";"primary school";"no";"village";"house/bungalow"
634;1;1;1;4;1;3;1;1;3;1;21;180;67;2;"male";"right handed";"secondary school";"no";"city";"block of flats"
635;1;1;2;1;4;3;2;2;3;2;19;170;63;1;"female";"right handed";"secondary school";"no";"village";"house/bungalow"
640;3;1;2;5;3;2;1;3;3;4;18;178;70;1;"male";"right handed";"primary school";"no";"city";"block of flats"
641;1;3;1;2;5;5;5;3;5;3;21;173;53;3;"female";"right handed";"college/bachelor degree";"no";"city";"house/bungalow"
642;2;2;3;4;2;2;2;5;2;3;17;175;76;2;"male";"right handed";"secondary school";"no";"city";"block of flats"
643;1;2;2;5;1;1;1;3;5;4;22;180;89;0;"male";"right handed";"secondary school";"yes";"city";"house/bungalow"
646;1;3;1;2;1;2;1;2;4;3;23;179;77;1;"male";"right handed";"secondary school";"yes";"village";"house/bungalow"
649;3;4;4;3;4;4;4;4;5;3;23;158;64;3;"female";"right handed";"masters degree";"no";"city";"block of flats"
651;2;1;1;2;2;2;4;4;3;3;20;188;79;1;"male";"left handed";"secondary school";"no";"city";"house/bungalow"
653;3;1;2;3;4;4;4;2;4;3;21;193;75;0;"male";"right handed";"secondary school";"yes";"city";"block of flats"
654;1;1;3;3;2;3;4;1;2;2;22;165;52;0;"female";"left handed";"college/bachelor degree";"yes";"village";"block of flats"
655;2;2;2;3;4;5;5;3;3;2;24;178;80;2;"male";"right handed";"secondary school";"no";"village";"house/bungalow"
656;3;2;4;3;4;4;4;3;5;4;19;174;70;1;"female";"right handed";"secondary school";"no";"village";"house/bungalow"
659;1;1;1;1;1;1;1;1;2;1;22;176;74;3;"male";"right handed";"secondary school";"no";"city";"block of flats"
662;1;2;2;3;2;2;3;4;3;3;19;165;70;1;"female";"right handed";"secondary school";"yes";"city";"block of flats"
663;1;3;3;3;4;5;3;1;4;5;21;162;52;1;"female";"right handed";"secondary school";"no";"city";"house/bungalow"
666;1;1;1;2;3;1;1;3;4;4;20;173;50;1;"female";"left handed";"secondary school";"no";"city";"block of flats"
667;1;1;2;1;2;1;1;2;1;3;20;164;60;2;"female";"right handed";"secondary school";"no";"city";"block of flats"
668;1;1;2;2;2;2;1;1;1;4;23;172;77;1;"male";"right handed";"secondary school";"no";"city";"block of flats"
671;1;1;1;1;1;1;1;1;1;2;23;170;60;1;"female";"right handed";"secondary school";"no";"city";"block of flats"
672;2;2;5;5;2;3;5;5;4;3;22;165;57;2;"female";"right handed";"college/bachelor degree";"no";"city";"block of flats"
673;1;3;2;1;5;5;3;5;5;4;28;166;60;1;"female";"right handed";"masters degree";"no";"city";"block of flats"
674;3;1;1;3;4;3;1;3;3;2;22;170;52;2;"female";"right handed";"secondary school";"no";"city";"block of flats"
675;1;1;1;2;1;3;3;3;2;3;18;173;67;1;"male";"right handed";"college/bachelor degree";"no";"city";"block of flats"
676;4;5;3;2;4;3;3;2;5;4;25;165;75;1;"female";"right handed";"secondary school";"no";"city";"house/bungalow"
679;1;1;1;1;3;1;3;3;1;5;23;162;65;1;"female";"right handed";"college/bachelor degree";"no";"city";"block of flats"
680;3;1;2;1;1;2;3;3;5;5;21;185;70;0;"female";"left handed";"secondary school";"yes";"city";"block of flats"
681;1;3;2;1;5;3;1;1;1;3;25;160;55;1;"female";"right handed";"college/bachelor degree";"no";"city";"block of flats"
682;3;2;4;4;5;4;1;1;1;4;28;180;70;1;"female";"right handed";"masters degree";"no";"city";"block of flats"
683;3;1;1;2;2;5;3;2;4;3;19;172;75;4;"male";"right handed";"secondary school";"no";"village";"house/bungalow"
685;4;4;4;3;3;3;5;1;3;4;28;165;57;1;"female";"right handed";"secondary school";"no";"village";"house/bungalow"
689;1;2;1;1;5;5;5;3;5;3;18;165;48;2;"female";"right handed";"secondary school";"no";"city";"block of flats"
690;2;1;2;3;1;4;2;1;2;3;18;174;64;1;"male";"right handed";"secondary school";"no";"city";"house/bungalow"
691;1;1;3;3;4;5;4;1;5;4;18;182;63;1;"male";"right handed";"secondary school";"no";"city";"block of flats"
692;1;2;2;2;5;5;4;3;3;4;17;168;70;0;"female";"right handed";"college/bachelor degree";"yes";"city";"house/bungalow"
693;2;3;3;3;1;1;1;3;2;3;21;168;62;1;"male";"right handed";"college/bachelor degree";"yes";"city";"block of flats"
695;2;2;1;1;3;5;2;1;2;1;21;187;73;4;"male";"right handed";"college/bachelor degree";"no";"city";"house/bungalow"
696;2;4;3;3;5;3;2;1;1;3;23;167;70;0;"female";"right handed";"college/bachelor degree";"yes";"city";"house/bungalow"
698;1;3;3;2;5;5;5;1;4;5;20;168;76;1;"female";"right handed";"secondary school";"no";"city";"block of flats"
700;3;2;2;2;2;4;3;3;2;3;20;170;50;1;"female";"right handed";"secondary school";"no";"city";"block of flats"
701;1;3;3;3;2;5;5;3;5;1;26;168;65;3;"female";"right handed";"college/bachelor degree";"no";"village";"house/bungalow"
702;1;1;1;1;3;1;1;2;1;2;21;175;70;1;"female";"right handed";"college/bachelor degree";"no";"city";"block of flats"
703;1;1;2;2;4;4;4;1;3;1;19;185;83;2;"male";"right handed";"secondary school";"no";"city";"block of flats"
705;1;1;4;1;5;4;2;3;4;3;21;171;60;2;"female";"right handed";"secondary school";"no";"village";"house/bungalow"
706;1;4;1;1;1;5;1;1;1;3;22;172;60;1;"female";"right handed";"college/bachelor degree";"no";"village";"block of flats"
708;1;1;1;2;1;2;3;5;3;4;21;162;51;1;"female";"right handed";"secondary school";"no";"village";"house/bungalow"
710;1;2;2;2;1;1;2;3;2;4;17;167;70;0;"female";"right handed";"college/bachelor degree";"yes";"city";"house/bungalow"
711;3;1;1;2;2;1;1;5;2;1;20;163;52;1;"female";"right handed";"secondary school";"no";"city";"block of flats"
712;3;2;4;5;2;5;4;1;4;3;22;170;55;1;"female";"right handed";"secondary school";"no";"village";"block of flats"
714;1;4;3;4;5;3;3;4;3;1;19;168;60;2;"female";"right handed";"college/bachelor degree";"no";"village";"house/bungalow"
715;1;4;4;4;4;4;4;1;4;5;25;164;63;0;"female";"right handed";"masters degree";"yes";"village";"house/bungalow"
716;1;2;2;2;2;1;1;1;2;2;29;183;111;1;"male";"left handed";"secondary school";"no";"village";"house/bungalow"
717;1;1;2;3;3;1;1;1;3;3;29;173;81;2;"male";"right handed";"secondary school";"no";"village";"house/bungalow"
718;1;1;1;2;3;4;1;1;3;3;17;173;54;1;"female";"right handed";"primary school";"no";"city";"block of flats"
720;1;2;2;2;2;2;2;2;3;3;19;185;75;2;"male";"left handed";"secondary school";"no";"city";"block of flats"
721;1;1;3;1;1;2;1;1;5;5;18;170;75;2;"female";"right handed";"secondary school";"no";"city";"block of flats"
722;1;1;1;1;3;1;1;1;1;1;20;174;60;3;"female";"right handed";"college/bachelor degree";"no";"city";"block of flats"
725;1;2;2;1;5;3;1;2;2;2;19;180;70;1;"female";"right handed";"primary school";"no";"city";"block of flats"
726;1;1;1;4;1;1;1;3;1;4;19;176;66;0;"male";"right handed";"secondary school";"yes";"village";"house/bungalow"
728;3;1;1;5;3;5;5;2;3;3;19;175;80;1;"male";"left handed";"secondary school";"yes";"village";"house/bungalow"
729;1;1;3;1;5;5;5;5;3;1;18;180;75;1;"female";"right handed";"primary school";"no";"village";"house/bungalow"
732;1;2;1;1;1;1;1;2;4;3;18;163;57;1;"female";"right handed";"college/bachelor degree";"no";"city";"block of flats"
733;3;2;2;2;2;4;4;2;2;2;19;170;63;0;"female";"right handed";"secondary school";"yes";"village";"block of flats"
735;1;2;1;3;1;2;1;2;4;2;19;168;56;3;"female";"right handed";"secondary school";"no";"city";"block of flats"
738;3;3;4;3;3;2;4;5;3;3;21;180;61;0;"female";"right handed";"college/bachelor degree";"yes";"city";"block of flats"
740;1;1;2;1;2;2;1;1;1;1;23;165;60;0;"male";"right handed";"college/bachelor degree";"yes";"city";"block of flats"
741;1;1;1;1;3;5;3;3;1;3;17;182;84;1;"male";"right handed";"secondary school";"no";"city";"house/bungalow"
742;1;1;1;1;1;1;1;1;1;1;18;173;65;3;"female";"right handed";"secondary school";"no";"city";"block of flats"
743;1;1;2;4;2;2;3;1;3;2;26;183;90;5;"male";"right handed";"masters degree";"no";"village";"house/bungalow"
744;1;1;1;2;1;1;1;1;1;2;22;186;65;0;"male";"right handed";"college/bachelor degree";"yes";"city";"block of flats"
748;1;1;3;1;1;1;1;1;5;5;18;170;75;2;"female";"right handed";"secondary school";"no";"city";"block of flats"
750;3;1;1;3;3;3;3;1;2;3;17;175;64;0;"male";"right handed";"secondary school";"yes";"city";"house/bungalow"
751;1;1;1;1;1;1;1;1;2;1;22;175;86;6;"female";"left handed";"college/bachelor degree";"no";"city";"block of flats"
752;1;1;1;1;1;1;1;3;1;4;21;168;49;1;"female";"right handed";"secondary school";"no";"city";"block of flats"
753;2;5;4;1;2;4;5;4;5;4;21;162;51;3;"female";"right handed";"college/bachelor degree";"no";"village";"house/bungalow"
754;2;2;2;3;2;4;2;3;2;3;19;171;49;3;"female";"right handed";"secondary school";"no";"village";"house/bungalow"
755;3;2;1;1;2;2;2;1;1;1;26;186;98;1;"male";"right handed";"college/bachelor degree";"yes";"city";"house/bungalow"
758;1;2;5;2;2;4;4;2;4;4;19;159;52;3;"female";"right handed";"college/bachelor degree";"no";"village";"house/bungalow"
759;1;2;2;2;2;5;3;1;3;3;20;197;100;1;"male";"right handed";"college/bachelor degree";"no";"village";"house/bungalow"
761;4;1;3;4;3;3;2;3;3;3;25;167;49;1;"female";"right handed";"college/bachelor degree";"yes";"city";"house/bungalow"
762;1;1;1;1;1;1;1;1;1;1;23;192;86;1;"male";"right handed";"secondary school";"no";"city";"block of flats"
763;1;1;1;1;1;1;1;1;1;1;24;190;84;1;"male";"right handed";"college/bachelor degree";"yes";"city";"house/bungalow"
765;1;2;2;3;5;5;5;4;5;4;19;172;50;2;"female";"right handed";"college/bachelor degree";"no";"village";"house/bungalow"
766;1;1;1;1;1;1;1;1;3;3;18;186;76;1;"male";"right handed";"secondary school";"no";"village";"house/bungalow"
769;1;1;2;3;4;5;4;2;3;4;26;185;92;1;"male";"right handed";"masters degree";"no";"city";"block of flats"
770;2;2;2;2;2;2;2;2;2;2;19;167;63;0;"female";"right handed";"secondary school";"yes";"city";"block of flats"
771;1;2;3;4;5;4;3;2;1;2;16;170;54;2;"female";"right handed";"college/bachelor degree";"no";"city";"house/bungalow"
772;2;1;3;2;1;4;3;2;4;4;18;174;64;0;"male";"right handed";"secondary school";"yes";"city";"block of flats"
773;3;2;2;2;4;5;5;4;4;4;20;170;53;1;"female";"right handed";"secondary school";"no";"city";"house/bungalow"
774;2;2;2;2;5;5;4;3;2;4;17;168;70;0;"female";"right handed";"college/bachelor degree";"yes";"city";"house/bungalow"
775;4;2;2;2;2;2;4;2;2;2;20;171;62;0;"female";"left handed";"secondary school";"yes";"city";"block of flats"
776;3;2;2;2;3;5;3;3;3;2;19;165;51;3;"female";"right handed";"college/bachelor degree";"no";"city";"block of flats"
780;1;3;3;2;5;2;1;1;4;1;17;167;48;0;"female";"right handed";"secondary school";"yes";"village";"house/bungalow"
781;2;1;2;3;1;5;3;2;3;3;18;174;64;1;"male";"right handed";"secondary school";"no";"city";"block of flats"
782;1;3;1;1;1;2;1;3;5;4;20;171;63;1;"female";"right handed";"secondary school";"no";"city";"block of flats"
783;2;4;5;4;2;1;1;3;3;3;17;170;55;3;"female";"right handed";"secondary school";"no";"village";"house/bungalow"
785;1;1;1;1;2;2;4;1;2;2;19;190;80;1;"male";"left handed";"secondary school";"no";"city";"block of flats"
788;2;2;3;2;1;1;1;2;2;1;16;177;70;1;"male";"right handed";"primary school";"no";"city";"block of flats"
792;2;1;2;2;2;5;4;1;3;2;19;162;52;1;"female";"right handed";"secondary school";"no";"city";"block of flats"
793;3;3;3;4;1;1;4;4;5;4;21;192;93;1;"male";"right handed";"masters degree";"no";"village";"house/bungalow"
794;3;3;3;4;1;5;5;1;3;3;24;185;120;2;"male";"right handed";"doctorate degree";"no";"city";"house/bungalow"
795;1;1;1;1;1;5;1;1;1;3;23;190;95;1;"male";"right handed";"secondary school";"no";"city";"block of flats"
796;1;1;1;1;5;5;3;3;1;5;30;173;69;0;"female";"right handed";"secondary school";"yes";"city";"block of flats"
797;5;3;4;5;5;5;3;4;3;4;27;189;113;3;"male";"left handed";"doctorate degree";"no";"city";"house/bungalow"
798;3;2;1;2;1;1;1;2;1;2;19;185;65;1;"male";"right handed";"secondary school";"no";"city";"block of flats"
799;1;1;1;2;3;1;5;2;3;3;18;160;55;2;"female";"right handed";"secondary school";"no";"city";"block of flats"
800;2;1;3;2;3;3;2;2;2;4;18;203;89;2;"male";"right handed";"secondary school";"yes";"city";"block of flats"
801;3;2;1;1;3;4;2;4;2;1;17;185;70;2;"male";"right handed";"secondary school";"no";"city";"block of flats"
803;1;2;3;5;5;2;1;4;1;3;19;172;60;0;"female";"right handed";"secondary school";"yes";"city";"block of flats"
805;1;1;1;5;5;5;4;3;3;4;21;173;62;1;"female";"right handed";"secondary school";"no";"village";"house/bungalow"
806;4;4;3;3;5;5;5;5;5;4;17;165;53;3;"female";"left handed";"primary school";"no";"city";"block of flats"
808;1;1;1;1;4;5;2;3;3;3;20;187;95;0;"male";"right handed";"secondary school";"yes";"city";"block of flats"
809;1;1;1;2;2;2;1;1;3;3;20;181;73;1;"male";"right handed";"college/bachelor degree";"no";"city";"block of flats"
810;1;1;1;2;1;5;1;1;4;2;18;176;76;0;"male";"right handed";"secondary school";"yes";"city";"block of flats"
811;1;3;4;5;5;5;4;5;4;1;20;180;90;1;"male";"right handed";"college/bachelor degree";"no";"city";"house/bungalow"
812;4;1;2;2;3;2;3;4;3;3;20;178;66;1;"male";"right handed";"secondary school";"no";"city";"block of flats"
813;5;3;2;4;1;5;2;3;4;4;17;175;60;1;"female";"right handed";"secondary school";"no";"city";"block of flats"
817;1;2;3;4;5;1;3;5;5;1;21;180;63;0;"male";"right handed";"secondary school";"yes";"city";"block of flats"
818;1;2;2;2;1;1;1;1;1;1;23;170;70;0;"male";"right handed";"primary school";"yes";"city";"block of flats"
819;2;1;1;5;1;1;1;1;1;5;24;178;80;2;"male";"right handed";"secondary school";"no";"village";"house/bungalow"
820;5;2;2;1;2;3;2;1;1;1;17;160;48;0;"female";"right handed";"secondary school";"yes";"city";"block of flats"
821;3;1;1;3;4;5;3;1;3;3;18;162;55;1;"female";"right handed";"secondary school";"no";"city";"block of flats"
822;4;2;3;5;3;5;4;3;3;4;17;185;99;1;"male";"right handed";"secondary school";"no";"city";"house/bungalow"
823;2;2;2;3;3;4;1;1;1;4;19;175;60;1;"female";"right handed";"secondary school";"no";"city";"block of flats"
824;2;2;1;1;2;2;3;4;5;2;21;188;81;0;"male";"right handed";"secondary school";"yes";"city";"block of flats"
825;2;2;5;1;1;1;1;5;1;2;29;170;58;1;"female";"right handed";"college/bachelor degree";"no";"city";"house/bungalow"
827;1;2;3;3;4;3;4;1;4;2;20;158;55;1;"female";"right handed";"secondary school";"no";"village";"house/bungalow"
828;2;3;2;3;2;2;2;2;4;2;20;168;55;1;"female";"right handed";"secondary school";"no";"city";"block of flats"
830;1;1;2;5;4;1;1;1;1;1;20;162;50;0;"female";"right handed";"college/bachelor degree";"yes";"city";"block of flats"
834;1;1;3;2;2;5;2;2;2;1;19;193;77;1;"male";"right handed";"secondary school";"yes";"city";"block of flats"
835;5;1;4;4;4;3;2;3;2;4;21;179;76;1;"male";"right handed";"secondary school";"no";"city";"block of flats"
836;1;2;1;1;3;2;1;4;3;1;19;190;76;0;"male";"right handed";"secondary school";"yes";"city";"block of flats"
837;1;1;1;3;1;1;1;4;1;3;19;187;88;0;"male";"right handed";"secondary school";"yes";"city";"block of flats"
839;2;1;3;2;5;4;3;2;3;3;21;170;58;0;"female";"right handed";"college/bachelor degree";"yes";"city";"block of flats"
840;3;3;3;1;2;2;2;5;4;2;23;163;68;1;"female";"right handed";"masters degree";"no";"city";"block of flats"
841;2;2;3;2;2;4;2;4;5;3;24;169;53;1;"female";"right handed";"college/bachelor degree";"no";"city";"house/bungalow"
845;1;1;1;1;1;3;1;1;3;1;30;184;78;2;"male";"right handed";"masters degree";"no";"city";"block of flats"
847;5;2;2;4;5;5;5;4;5;3;23;171;54;4;"female";"right handed";"secondary school";"no";"city";"block of flats"
849;1;1;1;1;1;1;1;1;1;1;19;184;60;4;"male";"right handed";"college/bachelor degree";"no";"city";"block of flats"
851;3;4;1;2;5;1;1;3;2;4;17;175;68;0;"female";"right handed";"secondary school";"yes";"city";"block of flats"
853;1;1;2;2;2;2;1;2;2;1;19;175;75;2;"male";"right handed";"secondary school";"no";"village";"house/bungalow"
855;3;1;2;4;5;5;3;4;2;1;27;180;75;0;"male";"left handed";"college/bachelor degree";"yes";"city";"block of flats"
856;4;1;1;1;4;4;1;2;3;5;19;180;90;1;"male";"right handed";"college/bachelor degree";"no";"city";"house/bungalow"
857;2;2;2;2;4;5;5;1;4;2;17;156;51;1;"female";"right handed";"secondary school";"no";"city";"block of flats"
858;1;1;2;1;2;4;1;5;3;3;20;192;80;1;"male";"right handed";"secondary school";"no";"village";"block of flats"
860;1;1;1;4;2;2;2;5;3;2;20;190;125;1;"male";"right handed";"secondary school";"no";"city";"block of flats"
861;1;1;2;1;3;3;2;1;2;1;20;182;88;2;"male";"right handed";"secondary school";"no";"city";"block of flats"
864;2;1;2;1;2;5;1;1;3;2;21;195;82;1;"male";"right handed";"secondary school";"no";"village";"block of flats"
865;2;2;2;3;4;4;3;3;3;4;20;185;85;1;"male";"right handed";"secondary school";"no";"village";"house/bungalow"
866;3;2;3;2;4;3;4;2;3;2;17;182;79;2;"female";"right handed";"secondary school";"no";"city";"block of flats"
867;1;1;1;1;1;1;1;2;1;5;23;185;90;1;"male";"right handed";"college/bachelor degree";"no";"city";"block of flats"
868;2;1;1;5;5;4;3;3;1;5;25;172;56;1;"female";"right handed";"masters degree";"no";"city";"block of flats"
870;1;2;2;4;3;1;1;2;1;3;18;170;54;1;"female";"right handed";"secondary school";"no";"city";"block of flats"
871;5;2;3;3;4;4;3;3;2;2;25;168;63;1;"female";"right handed";"masters degree";"no";"city";"house/bungalow"
873;2;2;2;3;2;2;2;2;4;3;20;182;73;1;"male";"right handed";"secondary school";"no";"village";"house/bungalow"
875;1;1;2;1;2;3;4;3;4;3;18;162;54;1;"female";"right handed";"secondary school";"no";"city";"house/bungalow"
877;1;1;1;1;2;1;3;1;2;1;19;182;72;1;"male";"right handed";"secondary school";"yes";"city";"block of flats"
878;1;1;1;1;1;1;1;2;4;3;22;189;89;2;"male";"right handed";"secondary school";"no";"city";"house/bungalow"
879;3;2;2;4;2;3;4;2;3;3;26;182;76;3;"male";"left handed";"secondary school";"yes";"city";"house/bungalow"
880;3;2;1;2;1;1;1;2;2;3;23;185;87;0;"male";"right handed";"secondary school";"yes";"city";"block of flats"
881;1;1;1;1;2;3;4;2;4;3;18;162;54;1;"female";"right handed";"secondary school";"no";"city";"house/bungalow"
882;1;2;3;4;4;1;1;2;1;3;18;170;54;1;"female";"right handed";"secondary school";"no";"city";"block of flats"
884;1;1;2;3;1;3;4;5;3;4;19;168;57;2;"female";"right handed";"secondary school";"no";"village";"house/bungalow"
885;1;4;4;1;5;5;5;5;5;5;19;175;58;1;"female";"right handed";"college/bachelor degree";"no";"city";"house/bungalow"
887;1;1;1;1;1;1;1;3;1;2;21;187;85;1;"male";"right handed";"secondary school";"no";"city";"block of flats"
889;2;2;2;3;3;3;5;4;2;3;20;175;58;1;"female";"right handed";"college/bachelor degree";"no";"city";"house/bungalow"
891;1;1;1;2;2;3;1;1;5;4;20;180;57;1;"male";"right handed";"secondary school";"no";"city";"block of flats"
893;1;1;1;3;3;3;2;1;3;2;19;181;70;1;"male";"right handed";"secondary school";"yes";"city";"block of flats"
895;4;2;2;2;3;5;4;5;3;4;19;158;45;2;"female";"right handed";"secondary school";"no";"city";"house/bungalow"
897;2;2;2;2;2;5;3;3;3;2;22;174;83;1;"male";"right handed";"college/bachelor degree";"no";"village";"house/bungalow"
898;2;3;2;4;2;3;2;1;2;3;23;183;85;2;"male";"left handed";"college/bachelor degree";"no";"city";"block of flats"
901;3;2;3;4;2;3;3;4;4;2;21;176;80;1;"male";"right handed";"secondary school";"no";"city";"block of flats"
902;1;2;2;4;5;4;2;2;1;2;22;173;50;1;"female";"right handed";"secondary school";"no";"city";"block of flats"
904;1;3;1;1;1;1;2;1;2;1;19;188;75;1;"male";"right handed";"college/bachelor degree";"no";"city";"block of flats"
905;1;1;1;1;1;1;1;2;4;2;24;160;55;1;"female";"right handed";"college/bachelor degree";"no";"city";"block of flats"
906;1;1;1;3;1;4;3;1;2;1;23;170;63;1;"male";"right handed";"college/bachelor degree";"no";"city";"block of flats"
907;4;1;2;2;3;5;5;5;3;5;21;164;52;2;"female";"right handed";"secondary school";"no";"city";"block of flats"
908;3;4;4;4;3;4;3;3;4;3;22;167;50;1;"female";"right handed";"secondary school";"no";"city";"block of flats"
910;5;4;1;1;2;4;4;5;5;4;28;166;58;2;"female";"left handed";"masters degree";"no";"city";"block of flats"
911;1;1;2;2;1;5;3;5;4;2;18;165;48;0;"female";"right handed";"secondary school";"yes";"city";"block of flats"
914;3;2;3;3;5;1;2;5;2;3;21;164;52;1;"female";"right handed";"secondary school";"yes";"city";"block of flats"
915;1;1;4;3;1;1;1;4;1;4;20;171;57;1;"female";"right handed";"secondary school";"no";"city";"block of flats"
916;2;2;4;4;4;3;3;1;2;4;18;170;65;1;"female";"right handed";"primary school";"no";"city";"house/bungalow"
917;1;1;1;4;1;3;1;1;2;3;21;175;55;1;"male";"right handed";"secondary school";"no";"city";"block of flats"
918;3;1;1;2;1;1;1;1;2;2;20;185;80;1;"male";"right handed";"college/bachelor degree";"no";"village";"house/bungalow"
920;1;1;2;1;2;2;2;1;3;1;21;165;50;1;"female";"left handed";"secondary school";"no";"city";"block of flats"
923;1;1;3;1;5;5;2;1;1;3;20;175;67;1;"female";"right handed";"secondary school";"no";"city";"block of flats"
924;3;2;2;5;4;3;1;4;3;4;23;163;59;3;"female";"right handed";"college/bachelor degree";"no";"city";"block of flats"
925;1;1;1;4;1;2;1;2;2;2;19;155;50;0;"female";"right handed";"secondary school";"yes";"city";"block of flats"
927;3;1;1;2;1;4;2;5;2;3;22;183;70;1;"male";"right handed";"secondary school";"no";"city";"block of flats"
928;1;1;5;2;1;1;1;5;1;4;19;163;56;1;"female";"right handed";"secondary school";"no";"city";"house/bungalow"
929;4;1;2;2;5;5;1;2;1;5;19;153;44;0;"female";"right handed";"secondary school";"yes";"city";"block of flats"
931;3;3;3;4;5;5;5;3;5;4;18;165;45;5;"female";"left handed";"primary school";"no";"city";"block of flats"
932;3;4;2;2;1;1;2;1;3;2;18;178;80;2;"male";"right handed";"secondary school";"no";"city";"house/bungalow"
933;4;5;5;5;5;2;1;1;1;3;20;155;45;1;"female";"right handed";"secondary school";"no";"city";"block of flats"
934;1;2;2;1;5;5;5;3;4;2;17;170;50;3;"female";"right handed";"secondary school";"no";"city";"house/bungalow"
937;3;2;4;3;5;4;4;2;3;2;21;171;66;0;"female";"right handed";"secondary school";"yes";"city";"block of flats"
938;1;3;4;2;3;5;4;4;3;4;18;167;62;4;"female";"right handed";"primary school";"yes";"village";"house/bungalow"
939;3;2;4;5;3;2;4;5;5;3;19;166;63;0;"female";"right handed";"secondary school";"yes";"city";"house/bungalow"
945;1;1;2;2;5;3;2;1;2;4;19;162;47;1;"female";"right handed";"secondary school";"no";"village";"house/bungalow"
948;2;1;2;3;3;4;3;3;4;3;16;180;55;1;"female";"right handed";"secondary school";"yes";"village";"house/bungalow"
953;3;1;1;4;2;3;2;3;4;3;19;179;60;1;"male";"right handed";"secondary school";"yes";"city";"block of flats"
954;3;4;4;4;5;5;1;4;4;4;20;165;57;1;"female";"right handed";"secondary school";"no";"city";"block of flats"
956;1;1;1;1;2;1;1;1;1;3;19;166;51;1;"female";"right handed";"secondary school";"no";"city";"block of flats"
958;1;1;1;3;3;3;1;1;2;3;20;175;65;5;"male";"right handed";"secondary school";"no";"city";"block of flats"
960;1;2;4;3;5;5;3;2;2;3;24;176;48;1;"female";"left handed";"masters degree";"no";"city";"block of flats"
962;1;1;1;2;1;1;1;1;2;3;20;172;75;3;"male";"left handed";"secondary school";"no";"village";"house/bungalow"
963;5;2;1;3;1;1;1;3;3;5;21;167;56;1;"female";"right handed";"secondary school";"no";"village";"house/bungalow"
967;1;1;1;1;1;1;1;1;1;1;19;170;55;1;"female";"left handed";"college/bachelor degree";"no";"city";"house/bungalow"
968;1;1;1;1;1;1;1;1;1;3;18;187;71;1;"male";"right handed";"primary school";"no";"city";"block of flats"
970;1;4;5;4;2;3;4;1;2;3;19;180;70;2;"male";"right handed";"college/bachelor degree";"no";"village";"block of flats"
971;1;1;1;5;2;3;4;1;3;4;22;187;82;1;"male";"right handed";"masters degree";"no";"city";"block of flats"
972;3;4;3;3;3;4;1;4;5;4;18;177;60;1;"male";"right handed";"secondary school";"no";"city";"block of flats"
973;1;4;5;3;5;5;1;3;4;3;19;178;88;0;"female";"right handed";"secondary school";"yes";"city";"block of flats"
974;2;4;2;3;2;4;1;2;2;5;20;175;120;2;"female";"right handed";"secondary school";"no";"city";"block of flats"
975;2;2;3;3;3;1;1;1;1;3;21;183;73;0;"female";"right handed";"secondary school";"yes";"city";"block of flats"
977;4;2;2;2;4;4;3;1;3;3;19;172;62;1;"female";"right handed";"secondary school";"yes";"city";"block of flats"
978;3;2;2;2;2;3;2;3;2;3;19;183;83;1;"male";"right handed";"secondary school";"no";"village";"house/bungalow"
979;3;1;4;3;4;4;3;4;2;3;21;165;60;2;"female";"right handed";"college/bachelor degree";"no";"city";"house/bungalow"
980;2;1;2;3;4;3;3;4;3;2;19;194;90;0;"male";"left handed";"secondary school";"yes";"city";"block of flats"
982;2;1;2;3;5;4;4;3;4;3;19;168;57;1;"female";"left handed";"secondary school";"no";"village";"house/bungalow"
983;1;2;4;2;1;2;2;5;3;3;18;178;70;2;"male";"right handed";"secondary school";"no";"city";"house/bungalow"
984;4;1;3;3;5;5;5;2;5;2;22;172;60;2;"female";"right handed";"secondary school";"no";"village";"house/bungalow"
986;3;2;3;3;4;2;1;1;4;4;20;167;53;1;"female";"right handed";"secondary school";"no";"city";"block of flats"
987;1;1;3;1;1;4;1;1;5;1;19;161;60;3;"female";"right handed";"secondary school";"no";"city";"house/bungalow"
990;2;5;4;5;1;1;1;2;1;1;30;168;54;2;"female";"right handed";"masters degree";"no";"village";"house/bungalow"
991;1;1;1;1;1;1;1;2;1;2;29;180;93;1;"male";"right handed";"secondary school";"no";"city";"block of flats"
992;5;3;1;5;3;5;3;1;3;3;21;172;80;0;"male";"right handed";"secondary school";"yes";"city";"house/bungalow"
993;3;1;1;5;5;3;2;2;3;4;30;200;150;1;"male";"right handed";"masters degree";"no";"city";"block of flats"
996;3;2;1;1;1;2;1;1;2;2;18;163;53;0;"female";"right handed";"secondary school";"yes";"city";"block of flats"
999;2;1;1;3;1;4;1;2;1;2;28;192;105;1;"male";"right handed";"masters degree";"no";"city";"block of flats"
1001;1;1;1;1;1;1;1;5;3;2;16;153;62;1;"female";"right handed";"primary school";"no";"city";"block of flats"
1002;5;1;1;5;1;1;1;4;2;2;18;160;63;2;"female";"right handed";"primary school";"no";"city";"block of flats"
1004;4;1;1;4;4;5;4;1;3;2;20;172;63;1;"female";"right handed";"secondary school";"no";"city";"house/bungalow"
1005;1;1;2;3;3;2;2;3;2;3;22;175;60;1;"male";"right handed";"secondary school";"no";"city";"block of flats"
1006;1;2;4;5;2;2;2;3;3;4;20;164;57;1;"female";"right handed";"secondary school";"no";"city";"house/bungalow"
1008;2;1;3;2;2;2;1;1;1;5;18;173;75;0;"female";"right handed";"secondary school";"yes";"city";"block of flats"
1009;2;3;2;5;3;3;3;3;5;5;25;173;58;1;"female";"right handed";"college/bachelor degree";"no";"city";"block of flats"
1010;2;1;2;5;1;4;2;2;3;2;21;185;72;1;"male";"right handed";"secondary school";"no";"village";"house/bungalow"
